_id,location_id,rating,user_id
652ba1309c8deef2485bf910,652b9d229c8deef2485bf8e9,5,652b9e279c8deef2485bf8f5
652ba1309c8deef2485bf911,652b9d229c8deef2485bf8ec,3,652b9e279c8deef2485bf8ff
652ba1309c8deef2485bf912,652b9d229c8deef2485bf8e9,5,652b9e279c8deef2485bf902
652ba1309c8deef2485bf913,652b9d229c8deef2485bf8dd,1,652b9e279c8deef2485bf902
652ba1309c8deef2485bf914,652b9d229c8deef2485bf8e6,3,652b9e279c8deef2485bf90c
652ba1309c8deef2485bf915,652b9d229c8deef2485bf8e8,4,652b9e279c8deef2485bf8fe
652ba1309c8deef2485bf916,652b9d229c8deef2485bf8e4,4,652b9e279c8deef2485bf90b
652ba1309c8deef2485bf917,652b9d229c8deef2485bf8ec,5,652b9e279c8deef2485bf8fc
652ba1309c8deef2485bf918,652b9d229c8deef2485bf8e2,3,652b9e279c8deef2485bf90a
652ba1309c8deef2485bf919,652b9d229c8deef2485bf8e6,4,652b9e279c8deef2485bf904
652ba1309c8deef2485bf91a,652b9d229c8deef2485bf8e7,1,652b9e279c8deef2485bf8f4
652ba1309c8deef2485bf91b,652b9d229c8deef2485bf8e2,2,652b9e279c8deef2485bf903
652ba1309c8deef2485bf91c,652b9d229c8deef2485bf8de,4,652b9e279c8deef2485bf909
652ba1309c8deef2485bf91d,652b9d229c8deef2485bf8eb,1,652b9e279c8deef2485bf8f1
652ba1309c8deef2485bf91e,652b9d229c8deef2485bf8ef,2,652b9e279c8deef2485bf8fe
652ba1309c8deef2485bf91f,652b9d229c8deef2485bf8ef,3,652b9e279c8deef2485bf8fb
652ba1309c8deef2485bf920,652b9d229c8deef2485bf8e6,2,652b9e279c8deef2485bf904
652ba1309c8deef2485bf921,652b9d229c8deef2485bf8e0,1,652b9e279c8deef2485bf903
652ba1309c8deef2485bf922,652b9d229c8deef2485bf8de,4,652b9e279c8deef2485bf90a
652ba1309c8deef2485bf923,652b9d229c8deef2485bf8de,4,652b9e279c8deef2485bf907
652ba1309c8deef2485bf924,652b9d229c8deef2485bf8e1,2,652b9e279c8deef2485bf8f7
652ba1309c8deef2485bf925,652b9d229c8deef2485bf8e8,3,652b9e279c8deef2485bf8fb
652ba1309c8deef2485bf926,652b9d229c8deef2485bf8ef,3,652b9e279c8deef2485bf8fa
652ba1309c8deef2485bf927,652b9d229c8deef2485bf8e4,1,652b9e279c8deef2485bf8f6
652ba1309c8deef2485bf928,652b9d229c8deef2485bf8e1,1,652b9e279c8deef2485bf900
652ba1309c8deef2485bf929,652b9d229c8deef2485bf8ec,1,652b9e279c8deef2485bf8fa
652ba1309c8deef2485bf92a,652b9d229c8deef2485bf8de,5,652b9e279c8deef2485bf904
652ba1309c8deef2485bf92b,652b9d229c8deef2485bf8df,5,652b9e279c8deef2485bf902
652ba1309c8deef2485bf92c,652b9d229c8deef2485bf8e3,2,652b9e279c8deef2485bf8fa
652ba1309c8deef2485bf92d,652b9d229c8deef2485bf8e1,4,652b9e279c8deef2485bf8f3
652ba1309c8deef2485bf92e,652b9d229c8deef2485bf8ef,4,652b9e279c8deef2485bf908
652ba1309c8deef2485bf92f,652b9d229c8deef2485bf8de,5,652b9e279c8deef2485bf90b
652ba1309c8deef2485bf930,652b9d229c8deef2485bf8e8,3,652b9e279c8deef2485bf8f9
652ba1309c8deef2485bf931,652b9d229c8deef2485bf8e2,5,652b9e279c8deef2485bf904
652ba1309c8deef2485bf932,652b9d229c8deef2485bf8ed,4,652b9e279c8deef2485bf900
652ba1309c8deef2485bf933,652b9d229c8deef2485bf8e5,5,652b9e279c8deef2485bf8f4
652ba1309c8deef2485bf934,652b9d229c8deef2485bf8dd,3,652b9e279c8deef2485bf8f2
652ba1309c8deef2485bf935,652b9d229c8deef2485bf8e0,2,652b9e279c8deef2485bf8f1
652ba1309c8deef2485bf936,652b9d229c8deef2485bf8e1,4,652b9e279c8deef2485bf8fd
652ba1309c8deef2485bf937,652b9d229c8deef2485bf8ec,4,652b9e279c8deef2485bf90b
652ba1309c8deef2485bf938,652b9d229c8deef2485bf8ed,4,652b9e279c8deef2485bf908
652ba1309c8deef2485bf939,652b9d229c8deef2485bf8de,4,652b9e279c8deef2485bf905
652ba1309c8deef2485bf93a,652b9d229c8deef2485bf8e6,4,652b9e279c8deef2485bf8ff
652ba1309c8deef2485bf93b,652b9d229c8deef2485bf8e7,4,652b9e279c8deef2485bf90c
652ba1309c8deef2485bf93c,652b9d229c8deef2485bf8ee,5,652b9e279c8deef2485bf8f8
652ba1309c8deef2485bf93d,652b9d229c8deef2485bf8ec,2,652b9e279c8deef2485bf903
652ba1309c8deef2485bf93e,652b9d229c8deef2485bf8e2,4,652b9e279c8deef2485bf8f5
652ba1309c8deef2485bf93f,652b9d229c8deef2485bf8e7,1,652b9e279c8deef2485bf900
652ba1309c8deef2485bf940,652b9d229c8deef2485bf8e5,3,652b9e279c8deef2485bf8fb
652ba1309c8deef2485bf941,652b9d229c8deef2485bf8e0,4,652b9e279c8deef2485bf8f9
652ba1309c8deef2485bf942,652b9d229c8deef2485bf8ef,4,652b9e279c8deef2485bf90d
652ba1309c8deef2485bf943,652b9d229c8deef2485bf8ed,4,652b9e279c8deef2485bf90d
652ba1309c8deef2485bf944,652b9d229c8deef2485bf8ee,4,652b9e279c8deef2485bf8fe
652ba1309c8deef2485bf945,652b9d229c8deef2485bf8df,3,652b9e279c8deef2485bf900
652ba1309c8deef2485bf946,652b9d229c8deef2485bf8e7,3,652b9e279c8deef2485bf8fd
652ba1309c8deef2485bf947,652b9d229c8deef2485bf8e6,4,652b9e279c8deef2485bf8fc
652ba1309c8deef2485bf948,652b9d229c8deef2485bf8e8,2,652b9e279c8deef2485bf902
652ba1309c8deef2485bf949,652b9d229c8deef2485bf8e1,2,652b9e279c8deef2485bf8f7
652ba1309c8deef2485bf94a,652b9d229c8deef2485bf8e7,2,652b9e279c8deef2485bf906
652ba1309c8deef2485bf94b,652b9d229c8deef2485bf8e9,5,652b9e279c8deef2485bf904
652ba1309c8deef2485bf94c,652b9d229c8deef2485bf8e2,4,652b9e279c8deef2485bf8ff
652ba1309c8deef2485bf94d,652b9d229c8deef2485bf8ef,4,652b9e279c8deef2485bf8fc
652ba1309c8deef2485bf94e,652b9d229c8deef2485bf8e7,5,652b9e279c8deef2485bf90b
652ba1309c8deef2485bf94f,652b9d229c8deef2485bf8de,5,652b9e279c8deef2485bf905
652ba1309c8deef2485bf950,652b9d229c8deef2485bf8e4,5,652b9e279c8deef2485bf907
652ba1309c8deef2485bf951,652b9d229c8deef2485bf8ea,5,652b9e279c8deef2485bf901
652ba1309c8deef2485bf952,652b9d229c8deef2485bf8ee,5,652b9e279c8deef2485bf90d
652ba1309c8deef2485bf953,652b9d229c8deef2485bf8e7,3,652b9e279c8deef2485bf906
652ba1309c8deef2485bf954,652b9d229c8deef2485bf8e4,3,652b9e279c8deef2485bf8f1
652ba1309c8deef2485bf955,652b9d229c8deef2485bf8ec,4,652b9e279c8deef2485bf90c
652ba1309c8deef2485bf956,652b9d229c8deef2485bf8e3,5,652b9e279c8deef2485bf90d
652ba1309c8deef2485bf957,652b9d229c8deef2485bf8e6,4,652b9e279c8deef2485bf8fc
652ba1309c8deef2485bf958,652b9d229c8deef2485bf8e7,4,652b9e279c8deef2485bf905
652ba1309c8deef2485bf959,652b9d229c8deef2485bf8dd,4,652b9e279c8deef2485bf90c
652ba1309c8deef2485bf95a,652b9d229c8deef2485bf8e3,4,652b9e279c8deef2485bf8ff
652ba1309c8deef2485bf95b,652b9d229c8deef2485bf8eb,4,652b9e279c8deef2485bf908
652ba1309c8deef2485bf95c,652b9d229c8deef2485bf8dd,2,652b9e279c8deef2485bf8fb
652ba1309c8deef2485bf95d,652b9d229c8deef2485bf8e7,5,652b9e279c8deef2485bf8f7
652ba1309c8deef2485bf95e,652b9d229c8deef2485bf8e3,4,652b9e279c8deef2485bf8fd
652ba1309c8deef2485bf95f,652b9d229c8deef2485bf8e1,5,652b9e279c8deef2485bf8f4
652ba1309c8deef2485bf960,652b9d229c8deef2485bf8ec,1,652b9e279c8deef2485bf90c
652ba1309c8deef2485bf961,652b9d229c8deef2485bf8ee,4,652b9e279c8deef2485bf909
652ba1309c8deef2485bf962,652b9d229c8deef2485bf8ec,5,652b9e279c8deef2485bf8fd
652ba1309c8deef2485bf963,652b9d229c8deef2485bf8e1,5,652b9e279c8deef2485bf8f7
652ba1309c8deef2485bf964,652b9d229c8deef2485bf8ee,3,652b9e279c8deef2485bf8f4
652ba1309c8deef2485bf965,652b9d229c8deef2485bf8e9,5,652b9e279c8deef2485bf90c
652ba1309c8deef2485bf966,652b9d229c8deef2485bf8e1,4,652b9e279c8deef2485bf8f8
652ba1309c8deef2485bf967,652b9d229c8deef2485bf8e6,5,652b9e279c8deef2485bf8f7
652ba1309c8deef2485bf968,652b9d229c8deef2485bf8e1,5,652b9e279c8deef2485bf8ff
652ba1309c8deef2485bf969,652b9d229c8deef2485bf8e5,4,652b9e279c8deef2485bf8ff
652ba1309c8deef2485bf96a,652b9d229c8deef2485bf8de,1,652b9e279c8deef2485bf8ff
652ba1309c8deef2485bf96b,652b9d229c8deef2485bf8e1,4,652b9e279c8deef2485bf902
652ba1309c8deef2485bf96c,652b9d229c8deef2485bf8ea,2,652b9e279c8deef2485bf8fc
652ba1309c8deef2485bf96d,652b9d229c8deef2485bf8df,5,652b9e279c8deef2485bf8f6
652ba1309c8deef2485bf96e,652b9d229c8deef2485bf8dd,4,652b9e279c8deef2485bf900
652ba1309c8deef2485bf96f,652b9d229c8deef2485bf8df,3,652b9e279c8deef2485bf90c
652ba1309c8deef2485bf970,652b9d229c8deef2485bf8e4,3,652b9e279c8deef2485bf90a
652ba1309c8deef2485bf971,652b9d229c8deef2485bf8e9,4,652b9e279c8deef2485bf905
652ba1309c8deef2485bf972,652b9d229c8deef2485bf8de,4,652b9e279c8deef2485bf8f6
652ba1309c8deef2485bf973,652b9d229c8deef2485bf8e1,4,652b9e279c8deef2485bf90d
652ba1309c8deef2485bf974,652b9d229c8deef2485bf8ec,3,652b9e279c8deef2485bf8f8
652ba1309c8deef2485bf975,652b9d229c8deef2485bf8e0,2,652b9e279c8deef2485bf8fb
652ba1309c8deef2485bf976,652b9d229c8deef2485bf8e3,5,652b9e279c8deef2485bf8f5
652ba1309c8deef2485bf977,652b9d229c8deef2485bf8e5,4,652b9e279c8deef2485bf8fc
652ba1309c8deef2485bf978,652b9d229c8deef2485bf8e5,5,652b9e279c8deef2485bf906
652ba1309c8deef2485bf979,652b9d229c8deef2485bf8e5,4,652b9e279c8deef2485bf909
652ba1309c8deef2485bf97a,652b9d229c8deef2485bf8eb,3,652b9e279c8deef2485bf909
652ba1309c8deef2485bf97b,652b9d229c8deef2485bf8df,3,652b9e279c8deef2485bf904
652ba1309c8deef2485bf97c,652b9d229c8deef2485bf8df,4,652b9e279c8deef2485bf8f2
652ba1309c8deef2485bf97d,652b9d229c8deef2485bf8ed,2,652b9e279c8deef2485bf8f8
652ba1309c8deef2485bf97e,652b9d229c8deef2485bf8ed,3,652b9e279c8deef2485bf908
652ba1309c8deef2485bf97f,652b9d229c8deef2485bf8df,3,652b9e279c8deef2485bf902
652ba1309c8deef2485bf980,652b9d229c8deef2485bf8df,2,652b9e279c8deef2485bf8fe
652ba1309c8deef2485bf981,652b9d229c8deef2485bf8e4,1,652b9e279c8deef2485bf8fb
652ba1309c8deef2485bf982,652b9d229c8deef2485bf8eb,4,652b9e279c8deef2485bf903
652ba1309c8deef2485bf983,652b9d229c8deef2485bf8ed,2,652b9e279c8deef2485bf8f7
652ba1309c8deef2485bf984,652b9d229c8deef2485bf8e4,2,652b9e279c8deef2485bf905
652ba1309c8deef2485bf985,652b9d229c8deef2485bf8e4,2,652b9e279c8deef2485bf8f3
652ba1309c8deef2485bf986,652b9d229c8deef2485bf8ea,5,652b9e279c8deef2485bf8f2
652ba1309c8deef2485bf987,652b9d229c8deef2485bf8e6,3,652b9e279c8deef2485bf8fc
652ba1309c8deef2485bf988,652b9d229c8deef2485bf8e8,4,652b9e279c8deef2485bf8fc
652ba1309c8deef2485bf989,652b9d229c8deef2485bf8de,1,652b9e279c8deef2485bf900
652ba1309c8deef2485bf98a,652b9d229c8deef2485bf8ed,4,652b9e279c8deef2485bf8fe
652ba1309c8deef2485bf98b,652b9d229c8deef2485bf8e4,3,652b9e279c8deef2485bf8fb
652ba1309c8deef2485bf98c,652b9d229c8deef2485bf8ea,3,652b9e279c8deef2485bf90b
652ba1309c8deef2485bf98d,652b9d229c8deef2485bf8ef,3,652b9e279c8deef2485bf90a
652ba1309c8deef2485bf98e,652b9d229c8deef2485bf8e1,5,652b9e279c8deef2485bf907
652ba1309c8deef2485bf98f,652b9d229c8deef2485bf8e3,2,652b9e279c8deef2485bf8f8
652ba1309c8deef2485bf990,652b9d229c8deef2485bf8ea,4,652b9e279c8deef2485bf90a
652ba1309c8deef2485bf991,652b9d229c8deef2485bf8ee,5,652b9e279c8deef2485bf907
652ba1309c8deef2485bf992,652b9d229c8deef2485bf8df,3,652b9e279c8deef2485bf905
652ba1309c8deef2485bf993,652b9d229c8deef2485bf8e3,4,652b9e279c8deef2485bf8f4
652ba1309c8deef2485bf994,652b9d229c8deef2485bf8dd,5,652b9e279c8deef2485bf90a
652ba1309c8deef2485bf995,652b9d229c8deef2485bf8df,3,652b9e279c8deef2485bf8fe
652ba1309c8deef2485bf996,652b9d229c8deef2485bf8e1,5,652b9e279c8deef2485bf908
652ba1309c8deef2485bf997,652b9d229c8deef2485bf8e2,5,652b9e279c8deef2485bf8f4
652ba1309c8deef2485bf998,652b9d229c8deef2485bf8ee,4,652b9e279c8deef2485bf8f4
652ba1309c8deef2485bf999,652b9d229c8deef2485bf8ee,1,652b9e279c8deef2485bf907
652ba1309c8deef2485bf99a,652b9d229c8deef2485bf8e8,4,652b9e279c8deef2485bf8fb
652ba1309c8deef2485bf99b,652b9d229c8deef2485bf8ec,5,652b9e279c8deef2485bf90a
652ba1309c8deef2485bf99c,652b9d229c8deef2485bf8e8,4,652b9e279c8deef2485bf900
652ba1309c8deef2485bf99d,652b9d229c8deef2485bf8eb,5,652b9e279c8deef2485bf903
652ba1309c8deef2485bf99e,652b9d229c8deef2485bf8ee,2,652b9e279c8deef2485bf8f3
652ba1309c8deef2485bf99f,652b9d229c8deef2485bf8ee,5,652b9e279c8deef2485bf903
652ba1309c8deef2485bf9a0,652b9d229c8deef2485bf8e7,2,652b9e279c8deef2485bf8fc
652ba1309c8deef2485bf9a1,652b9d229c8deef2485bf8ec,5,652b9e279c8deef2485bf8fb
652ba1309c8deef2485bf9a2,652b9d229c8deef2485bf8e3,2,652b9e279c8deef2485bf8f1
652ba1309c8deef2485bf9a3,652b9d229c8deef2485bf8df,3,652b9e279c8deef2485bf90c
652ba1309c8deef2485bf9a4,652b9d229c8deef2485bf8e0,5,652b9e279c8deef2485bf8fe
652ba1309c8deef2485bf9a5,652b9d229c8deef2485bf8de,5,652b9e279c8deef2485bf8fe
652ba1309c8deef2485bf9a6,652b9d229c8deef2485bf8e0,5,652b9e279c8deef2485bf90c
652ba1309c8deef2485bf9a7,652b9d229c8deef2485bf8ea,5,652b9e279c8deef2485bf905
652ba1309c8deef2485bf9a8,652b9d229c8deef2485bf8e6,1,652b9e279c8deef2485bf8f9
652ba1309c8deef2485bf9a9,652b9d229c8deef2485bf8e0,5,652b9e279c8deef2485bf908
652ba1309c8deef2485bf9aa,652b9d229c8deef2485bf8e6,5,652b9e279c8deef2485bf8f4
652ba1309c8deef2485bf9ab,652b9d229c8deef2485bf8dd,5,652b9e279c8deef2485bf8fd
652ba1309c8deef2485bf9ac,652b9d229c8deef2485bf8e8,2,652b9e279c8deef2485bf900
652ba1309c8deef2485bf9ad,652b9d229c8deef2485bf8e6,3,652b9e279c8deef2485bf8f7
652ba1309c8deef2485bf9ae,652b9d229c8deef2485bf8eb,3,652b9e279c8deef2485bf8fd
652ba1309c8deef2485bf9af,652b9d229c8deef2485bf8ec,1,652b9e279c8deef2485bf8f6
652ba1309c8deef2485bf9b0,652b9d229c8deef2485bf8e2,1,652b9e279c8deef2485bf8f8
652ba1309c8deef2485bf9b1,652b9d229c8deef2485bf8e7,4,652b9e279c8deef2485bf903
652ba1309c8deef2485bf9b2,652b9d229c8deef2485bf8e7,4,652b9e279c8deef2485bf903
652ba1309c8deef2485bf9b3,652b9d229c8deef2485bf8dd,5,652b9e279c8deef2485bf8f5
652ba1309c8deef2485bf9b4,652b9d229c8deef2485bf8e6,5,652b9e279c8deef2485bf909
652ba1309c8deef2485bf9b5,652b9d229c8deef2485bf8e2,5,652b9e279c8deef2485bf903
652ba1309c8deef2485bf9b6,652b9d229c8deef2485bf8ee,1,652b9e279c8deef2485bf909
652ba1309c8deef2485bf9b7,652b9d229c8deef2485bf8dd,3,652b9e279c8deef2485bf8f5
652ba1309c8deef2485bf9b8,652b9d229c8deef2485bf8e4,1,652b9e279c8deef2485bf8f4
652ba1309c8deef2485bf9b9,652b9d229c8deef2485bf8e8,3,652b9e279c8deef2485bf90d
652ba1309c8deef2485bf9ba,652b9d229c8deef2485bf8dd,4,652b9e279c8deef2485bf901
652ba1309c8deef2485bf9bb,652b9d229c8deef2485bf8e0,5,652b9e279c8deef2485bf90b
652ba1309c8deef2485bf9bc,652b9d229c8deef2485bf8df,2,652b9e279c8deef2485bf8fb
652ba1309c8deef2485bf9bd,652b9d229c8deef2485bf8e3,2,652b9e279c8deef2485bf90b
652ba1309c8deef2485bf9be,652b9d229c8deef2485bf8ec,1,652b9e279c8deef2485bf90a
652ba1309c8deef2485bf9bf,652b9d229c8deef2485bf8ea,3,652b9e279c8deef2485bf8f8
652ba1309c8deef2485bf9c0,652b9d229c8deef2485bf8ed,4,652b9e279c8deef2485bf904
652ba1309c8deef2485bf9c1,652b9d229c8deef2485bf8ed,4,652b9e279c8deef2485bf90b
652ba1309c8deef2485bf9c2,652b9d229c8deef2485bf8e6,4,652b9e279c8deef2485bf8f1
652ba1309c8deef2485bf9c3,652b9d229c8deef2485bf8ec,1,652b9e279c8deef2485bf905
652ba1309c8deef2485bf9c4,652b9d229c8deef2485bf8eb,5,652b9e279c8deef2485bf908
652ba1309c8deef2485bf9c5,652b9d229c8deef2485bf8e1,4,652b9e279c8deef2485bf8fb
652ba1309c8deef2485bf9c6,652b9d229c8deef2485bf8e5,3,652b9e279c8deef2485bf904
652ba1309c8deef2485bf9c7,652b9d229c8deef2485bf8ef,4,652b9e279c8deef2485bf8ff
652ba1309c8deef2485bf9c8,652b9d229c8deef2485bf8eb,4,652b9e279c8deef2485bf8f1
652ba1309c8deef2485bf9c9,652b9d229c8deef2485bf8e9,4,652b9e279c8deef2485bf8f4
652ba1309c8deef2485bf9ca,652b9d229c8deef2485bf8dd,1,652b9e279c8deef2485bf901
652ba1309c8deef2485bf9cb,652b9d229c8deef2485bf8eb,1,652b9e279c8deef2485bf90d
652ba1309c8deef2485bf9cc,652b9d229c8deef2485bf8e2,3,652b9e279c8deef2485bf8fc
652ba1309c8deef2485bf9cd,652b9d229c8deef2485bf8ee,5,652b9e279c8deef2485bf904
652ba1309c8deef2485bf9ce,652b9d229c8deef2485bf8ed,3,652b9e279c8deef2485bf8f9
652ba1309c8deef2485bf9cf,652b9d229c8deef2485bf8e7,2,652b9e279c8deef2485bf904
652ba1309c8deef2485bf9d0,652b9d229c8deef2485bf8e4,4,652b9e279c8deef2485bf8f1
652ba1309c8deef2485bf9d1,652b9d229c8deef2485bf8e8,5,652b9e279c8deef2485bf8fd
652ba1309c8deef2485bf9d2,652b9d229c8deef2485bf8e9,4,652b9e279c8deef2485bf90a
652ba1309c8deef2485bf9d3,652b9d229c8deef2485bf8e5,3,652b9e279c8deef2485bf907
652ba1309c8deef2485bf9d4,652b9d229c8deef2485bf8e9,2,652b9e279c8deef2485bf8fb
652ba1309c8deef2485bf9d5,652b9d229c8deef2485bf8ee,5,652b9e279c8deef2485bf903
652ba1309c8deef2485bf9d6,652b9d229c8deef2485bf8e5,1,652b9e279c8deef2485bf8fe
652ba1309c8deef2485bf9d7,652b9d229c8deef2485bf8e7,1,652b9e279c8deef2485bf8fe
652ba1309c8deef2485bf9d8,652b9d229c8deef2485bf8dd,5,652b9e279c8deef2485bf90a
652ba1309c8deef2485bf9d9,652b9d229c8deef2485bf8ed,5,652b9e279c8deef2485bf90d
652ba1309c8deef2485bf9da,652b9d229c8deef2485bf8dd,4,652b9e279c8deef2485bf902
652ba1309c8deef2485bf9db,652b9d229c8deef2485bf8e1,3,652b9e279c8deef2485bf90d
652ba1309c8deef2485bf9dc,652b9d229c8deef2485bf8ec,1,652b9e279c8deef2485bf90b
652ba1309c8deef2485bf9dd,652b9d229c8deef2485bf8e6,1,652b9e279c8deef2485bf8f8
652ba1309c8deef2485bf9de,652b9d229c8deef2485bf8e8,1,652b9e279c8deef2485bf8f8
652ba1309c8deef2485bf9df,652b9d229c8deef2485bf8dd,1,652b9e279c8deef2485bf8fd
652ba1309c8deef2485bf9e0,652b9d229c8deef2485bf8e3,3,652b9e279c8deef2485bf8fe
652ba1309c8deef2485bf9e1,652b9d229c8deef2485bf8e2,2,652b9e279c8deef2485bf8ff
652ba1309c8deef2485bf9e2,652b9d229c8deef2485bf8dd,5,652b9e279c8deef2485bf905
652ba1309c8deef2485bf9e3,652b9d229c8deef2485bf8ee,5,652b9e279c8deef2485bf90b
652ba1309c8deef2485bf9e4,652b9d229c8deef2485bf8e5,3,652b9e279c8deef2485bf8f4
652ba1309c8deef2485bf9e5,652b9d229c8deef2485bf8ee,5,652b9e279c8deef2485bf8f5
652ba1309c8deef2485bf9e6,652b9d229c8deef2485bf8e5,4,652b9e279c8deef2485bf904
652ba1309c8deef2485bf9e7,652b9d229c8deef2485bf8e6,5,652b9e279c8deef2485bf8fd
652ba1309c8deef2485bf9e8,652b9d229c8deef2485bf8e2,3,652b9e279c8deef2485bf907
652ba1309c8deef2485bf9e9,652b9d229c8deef2485bf8e8,3,652b9e279c8deef2485bf8f8
652ba1309c8deef2485bf9ea,652b9d229c8deef2485bf8e4,4,652b9e279c8deef2485bf900
652ba1309c8deef2485bf9eb,652b9d229c8deef2485bf8e5,5,652b9e279c8deef2485bf900
652ba1309c8deef2485bf9ec,652b9d229c8deef2485bf8e5,5,652b9e279c8deef2485bf8f3
652ba1309c8deef2485bf9ed,652b9d229c8deef2485bf8ec,4,652b9e279c8deef2485bf907
652ba1309c8deef2485bf9ee,652b9d229c8deef2485bf8e9,5,652b9e279c8deef2485bf901
652ba1309c8deef2485bf9ef,652b9d229c8deef2485bf8df,5,652b9e279c8deef2485bf90b
652ba1309c8deef2485bf9f0,652b9d229c8deef2485bf8ec,5,652b9e279c8deef2485bf903
652ba1309c8deef2485bf9f1,652b9d229c8deef2485bf8ec,2,652b9e279c8deef2485bf8f5
652ba1309c8deef2485bf9f2,652b9d229c8deef2485bf8eb,5,652b9e279c8deef2485bf8fa
652ba1309c8deef2485bf9f3,652b9d229c8deef2485bf8eb,5,652b9e279c8deef2485bf8ff
652ba1309c8deef2485bf9f4,652b9d229c8deef2485bf8dd,1,652b9e279c8deef2485bf8f9
652ba1309c8deef2485bf9f5,652b9d229c8deef2485bf8ea,1,652b9e279c8deef2485bf908
652ba1309c8deef2485bf9f6,652b9d229c8deef2485bf8df,4,652b9e279c8deef2485bf906
652ba1309c8deef2485bf9f7,652b9d229c8deef2485bf8e4,5,652b9e279c8deef2485bf8f1
652ba1309c8deef2485bf9f8,652b9d229c8deef2485bf8ef,5,652b9e279c8deef2485bf8f4
652ba1309c8deef2485bf9f9,652b9d229c8deef2485bf8ec,3,652b9e279c8deef2485bf8fa
652ba1309c8deef2485bf9fa,652b9d229c8deef2485bf8ed,3,652b9e279c8deef2485bf8ff
652ba1309c8deef2485bf9fb,652b9d229c8deef2485bf8e7,2,652b9e279c8deef2485bf8fa
652ba1309c8deef2485bf9fc,652b9d229c8deef2485bf8e9,4,652b9e279c8deef2485bf8f9
652ba1309c8deef2485bf9fd,652b9d229c8deef2485bf8e8,5,652b9e279c8deef2485bf8ff
652ba1309c8deef2485bf9fe,652b9d229c8deef2485bf8dd,4,652b9e279c8deef2485bf8f3
652ba1309c8deef2485bf9ff,652b9d229c8deef2485bf8e9,5,652b9e279c8deef2485bf8fc
652ba1309c8deef2485bfa00,652b9d229c8deef2485bf8ef,3,652b9e279c8deef2485bf8fd
652ba1309c8deef2485bfa01,652b9d229c8deef2485bf8dd,3,652b9e279c8deef2485bf8f3
652ba1309c8deef2485bfa02,652b9d229c8deef2485bf8e0,4,652b9e279c8deef2485bf90b
652ba1309c8deef2485bfa03,652b9d229c8deef2485bf8e6,4,652b9e279c8deef2485bf8fc
652ba1309c8deef2485bfa04,652b9d229c8deef2485bf8de,2,652b9e279c8deef2485bf8f2
652ba1309c8deef2485bfa05,652b9d229c8deef2485bf8e6,3,652b9e279c8deef2485bf900
652ba1309c8deef2485bfa06,652b9d229c8deef2485bf8de,4,652b9e279c8deef2485bf906
652ba1309c8deef2485bfa07,652b9d229c8deef2485bf8e2,2,652b9e279c8deef2485bf8fe
652ba1309c8deef2485bfa08,652b9d229c8deef2485bf8ec,4,652b9e279c8deef2485bf903
652ba1309c8deef2485bfa09,652b9d229c8deef2485bf8dd,2,652b9e279c8deef2485bf90b
652ba1309c8deef2485bfa0a,652b9d229c8deef2485bf8e5,5,652b9e279c8deef2485bf8ff
652ba1309c8deef2485bfa0b,652b9d229c8deef2485bf8e3,5,652b9e279c8deef2485bf8fb
652ba1309c8deef2485bfa0c,652b9d229c8deef2485bf8eb,2,652b9e279c8deef2485bf904
652ba1309c8deef2485bfa0d,652b9d229c8deef2485bf8e2,3,652b9e279c8deef2485bf90b
652ba1309c8deef2485bfa0e,652b9d229c8deef2485bf8e1,5,652b9e279c8deef2485bf903
652ba1309c8deef2485bfa0f,652b9d229c8deef2485bf8e0,5,652b9e279c8deef2485bf8f6
652ba1309c8deef2485bfa10,652b9d229c8deef2485bf8ee,1,652b9e279c8deef2485bf902
652ba1309c8deef2485bfa11,652b9d229c8deef2485bf8dd,3,652b9e279c8deef2485bf900
652ba1309c8deef2485bfa12,652b9d229c8deef2485bf8e0,3,652b9e279c8deef2485bf90a
652ba1309c8deef2485bfa13,652b9d229c8deef2485bf8e7,4,652b9e279c8deef2485bf901
652ba1309c8deef2485bfa14,652b9d229c8deef2485bf8e7,2,652b9e279c8deef2485bf901
652ba1309c8deef2485bfa15,652b9d229c8deef2485bf8de,4,652b9e279c8deef2485bf906
652ba1309c8deef2485bfa16,652b9d229c8deef2485bf8e1,2,652b9e279c8deef2485bf8fd
652ba1309c8deef2485bfa17,652b9d229c8deef2485bf8ef,4,652b9e279c8deef2485bf8fb
652ba1309c8deef2485bfa18,652b9d229c8deef2485bf8dd,4,652b9e279c8deef2485bf8fb
652ba1309c8deef2485bfa19,652b9d229c8deef2485bf8e7,5,652b9e279c8deef2485bf8fc
652ba1309c8deef2485bfa1a,652b9d229c8deef2485bf8dd,4,652b9e279c8deef2485bf903
652ba1309c8deef2485bfa1b,652b9d229c8deef2485bf8df,5,652b9e279c8deef2485bf8f2
652ba1309c8deef2485bfa1c,652b9d229c8deef2485bf8e9,2,652b9e279c8deef2485bf8f3
652ba1309c8deef2485bfa1d,652b9d229c8deef2485bf8e6,2,652b9e279c8deef2485bf8ff
652ba1309c8deef2485bfa1e,652b9d229c8deef2485bf8e4,3,652b9e279c8deef2485bf90a
652ba1309c8deef2485bfa1f,652b9d229c8deef2485bf8ee,3,652b9e279c8deef2485bf8f7
652ba1309c8deef2485bfa20,652b9d229c8deef2485bf8e9,4,652b9e279c8deef2485bf904
652ba1309c8deef2485bfa21,652b9d229c8deef2485bf8df,4,652b9e279c8deef2485bf902
652ba1309c8deef2485bfa22,652b9d229c8deef2485bf8df,4,652b9e279c8deef2485bf907
652ba1309c8deef2485bfa23,652b9d229c8deef2485bf8ef,4,652b9e279c8deef2485bf905
652ba1309c8deef2485bfa24,652b9d229c8deef2485bf8e5,5,652b9e279c8deef2485bf8f6
652ba1309c8deef2485bfa25,652b9d229c8deef2485bf8e6,4,652b9e279c8deef2485bf8fd
652ba1309c8deef2485bfa26,652b9d229c8deef2485bf8e6,5,652b9e279c8deef2485bf903
652ba1309c8deef2485bfa27,652b9d229c8deef2485bf8e3,3,652b9e279c8deef2485bf8f9
652ba1309c8deef2485bfa28,652b9d229c8deef2485bf8eb,4,652b9e279c8deef2485bf8f5
652ba1309c8deef2485bfa29,652b9d229c8deef2485bf8e0,3,652b9e279c8deef2485bf903
652ba1309c8deef2485bfa2a,652b9d229c8deef2485bf8e9,3,652b9e279c8deef2485bf8fb
652ba1309c8deef2485bfa2b,652b9d229c8deef2485bf8e8,2,652b9e279c8deef2485bf902
652ba1309c8deef2485bfa2c,652b9d229c8deef2485bf8e7,3,652b9e279c8deef2485bf900
652ba1309c8deef2485bfa2d,652b9d229c8deef2485bf8e3,5,652b9e279c8deef2485bf90b
652ba1309c8deef2485bfa2e,652b9d229c8deef2485bf8ea,3,652b9e279c8deef2485bf8fe
652ba1309c8deef2485bfa2f,652b9d229c8deef2485bf8ec,3,652b9e279c8deef2485bf902
652ba1309c8deef2485bfa30,652b9d229c8deef2485bf8e5,4,652b9e279c8deef2485bf8f8
652ba1309c8deef2485bfa31,652b9d229c8deef2485bf8e1,5,652b9e279c8deef2485bf900
652ba1309c8deef2485bfa32,652b9d229c8deef2485bf8e5,2,652b9e279c8deef2485bf902
652ba1309c8deef2485bfa33,652b9d229c8deef2485bf8e9,2,652b9e279c8deef2485bf907
652ba1309c8deef2485bfa34,652b9d229c8deef2485bf8e4,1,652b9e279c8deef2485bf90a
652ba1309c8deef2485bfa35,652b9d229c8deef2485bf8ec,2,652b9e279c8deef2485bf8f7
652ba1309c8deef2485bfa36,652b9d229c8deef2485bf8dd,4,652b9e279c8deef2485bf904
652ba1309c8deef2485bfa37,652b9d229c8deef2485bf8ee,3,652b9e279c8deef2485bf900
652ba1309c8deef2485bfa38,652b9d229c8deef2485bf8de,4,652b9e279c8deef2485bf8f5
652ba1309c8deef2485bfa39,652b9d229c8deef2485bf8de,2,652b9e279c8deef2485bf900
652ba1309c8deef2485bfa3a,652b9d229c8deef2485bf8ea,2,652b9e279c8deef2485bf906
652ba1309c8deef2485bfa3b,652b9d229c8deef2485bf8e6,4,652b9e279c8deef2485bf906